{"cameras":[{"focalLengthX":515.951,"focalLengthY":515.951,"principalPointX":316.088,"principalPointY":181.47,"imageWidth":640,"imageHeight":360,"imuToCamera":[[-0.0186693,-0.999819,-0.00372062,0.0888929],[0.999801,-0.0186951,0.00702393,0.0156999],[-0.00709222,-0.00358874,0.999968,0.00122581],[0,0,0,1]],"model":"brown-conrady","distortionCoefficients":[7.9681,-101.514,-0.000165073,-0.00141062,408.392,7.7739,-99.9249,402.144]},{"focalLengthX":400.877,"focalLengthY":400.877,"principalPointX":315.456,"principalPointY":211.022,"imageWidth":640,"imageHeight":400,"imuToCamera":[[0.00193733,-0.999985,0.0051225,0.0520385],[0.999996,0.00194656,0.0017982,0.0135652],[-0.00180814,0.00511899,0.999985,0.00220907],[0,0,0,1]],"model":"pinhole"}]}
