{"cameras":[{"focalLengthX":400.877,"focalLengthY":400.877,"principalPointX":315.456,"principalPointY":211.022,"imageWidth":640,"imageHeight":400,"imuToCamera":[[0.00193733,-0.999985,0.0051225,0.0520385],[0.999996,0.00194656,0.0017982,0.0135652],[-0.00180814,0.00511899,0.999985,0.00220907],[0,0,0,1]],"model":"pinhole"},{"focalLengthX":400.877,"focalLengthY":400.877,"principalPointX":315.456,"principalPointY":211.022,"imageWidth":640,"imageHeight":400,"imuToCamera":[[0.00193733,-0.999985,0.0051225,-0.022665],[0.999997,0.00194656,0.0017982,0.0135652],[-0.00180814,0.005119,0.999985,0.00220907],[0,0,0,1]],"model":"pinhole"}],"auxiliary":[{"focalLengthX":1547.85,"focalLengthY":1547.85,"principalPointX":948.265,"principalPointY":544.409,"imageWidth":1920,"imageHeight":1080,"rgbToPrimary":[[0.999749,0.0206677,0.00869729,-0.0371672],[-0.0206221,0.999773,-0.00530104,-0.000291418],[-0.00880487,0.00512035,0.999948,0.00168562],[0,0,0,1]]}]}
